{
    "routeName": "Ruta por Asturias",
    "mapPoints": [
        {
            "latitud": 43.2907523,
            "longitud": -5.9825218,
            "altitud": 149
        },
        {
            "latitud": 43.276709,
            "longitud": -5.990581,
            "altitud": 763
        },
        {
            "latitud": 43.345271,
            "longitud": -5.483951,
            "altitud": 770
        }
    ]
}